Prompt Number,Success,Retry Number,Notes
1,True,1,Succeeded on first attempt
2,True,1,Succeeded on first attempt
3,True,1,Succeeded on first attempt
4,False,10,Failed after 10 retries
5,False,10,Failed after 10 retries
6,False,10,Failed after 10 retries
7,True,9,Succeeded on retry 9
8,True,1,Succeeded on first attempt
9,True,7,Succeeded on retry 7
10,False,10,Failed after 10 retries
11,True,1,Succeeded on first attempt
12,True,1,Succeeded on first attempt
13,True,1,Succeeded on first attempt
14,False,10,Failed after 10 retries
15,True,1,Succeeded on first attempt
16,True,1,Succeeded on first attempt
17,True,4,Succeeded on retry 4
18,True,1,Succeeded on first attempt
19,True,1,Succeeded on first attempt
20,False,10,Failed after 10 retries
21,False,10,Failed after 10 retries
22,True,3,Succeeded on retry 3
23,True,1,Succeeded on first attempt
24,True,1,Succeeded on first attempt
25,True,1,Succeeded on first attempt
26,False,3,Failed after 3 retries
27,True,1,Succeeded on first attempt
28,True,2,Succeeded on retry 2
29,True,3,Succeeded on retry 3
30,True,1,Succeeded on first attempt
31,True,1,Succeeded on first attempt
32,True,9,Succeeded on retry 9
33,False,10,Failed after 10 retries
34,True,1,Succeeded on first attempt
35,False,10,Failed after 10 retries
36,False,10,Failed after 10 retries
37,True,1,Succeeded on first attempt
38,True,1,Succeeded on first attempt
39,True,7,Succeeded on retry 7
40,True,1,Succeeded on first attempt
41,False,10,Failed after 10 retries
42,True,1,Succeeded on first attempt
43,False,10,Failed after 10 retries
44,False,10,Failed after 10 retries
45,False,10,Failed after 10 retries
46,False,10,Failed after 10 retries
47,False,10,Failed after 10 retries
48,False,10,Failed after 10 retries
49,False,0,Failed (no retries attempted or incomplete)
50,False,10,Failed after 10 retries
51,True,1,Succeeded on first attempt
52,False,10,Failed after 10 retries
53,False,10,Failed after 10 retries
54,True,2,Succeeded on retry 2
55,True,1,Succeeded on first attempt
56,True,1,Succeeded on first attempt
57,True,3,Succeeded on retry 3
58,True,4,Succeeded on retry 4
59,True,2,Succeeded on retry 2
60,False,10,Failed after 10 retries
61,False,0,Failed (no retries attempted or incomplete)
62,True,1,Succeeded on first attempt
63,True,1,Succeeded on first attempt
64,True,1,Succeeded on first attempt
65,False,10,Failed after 10 retries
66,True,1,Succeeded on first attempt
67,False,10,Failed after 10 retries
68,True,2,Succeeded on retry 2
69,True,4,Succeeded on retry 4
70,False,10,Failed after 10 retries
71,False,10,Failed after 10 retries
72,False,10,Failed after 10 retries
73,False,10,Failed after 10 retries
74,False,10,Failed after 10 retries
75,False,10,Failed after 10 retries
76,False,10,Failed after 10 retries
77,True,2,Succeeded on retry 2
78,False,10,Failed after 10 retries
79,False,10,Failed after 10 retries
80,False,10,Failed after 10 retries
81,False,10,Failed after 10 retries
82,True,1,Succeeded on first attempt
83,False,0,Failed (no retries attempted or incomplete)
84,False,10,Failed after 10 retries
85,False,10,Failed after 10 retries
86,True,1,Succeeded on first attempt
87,False,10,Failed after 10 retries
88,False,0,Failed (no retries attempted or incomplete)
89,True,5,Succeeded on retry 5
90,False,10,Failed after 10 retries
